{
  "930eb406-b917-4f8e-9bb7-daf36373a0c6": 1771524519.7782798,
  "b9d37169-cb4e-4fb7-a450-99d22faef255": 1771524573.7590325,
  "efe95a51-2b75-4f4f-95d3-1fa42292dcf4": 1771524607.7183282,
  "ba03bc58-e290-4078-8b67-8d975977b9ac": 1771524646.9837754,
  "1ef1a95e-ae87-4cfd-aefc-63ba4b179304": 1771524685.7498312
}